National Defence College,SUPPLIES,18th Military Circle
Foresight Center for Agriculture,ASSESSMENT,Agricultural Economic Office
Office of the Prime Minister,NEEDS MANAGEMENT,Armed Forces Headquarters
Ministry of Agriculture and Cooperatives,LIMIT,Ayutthaya's Rama VI dam
Ministry of Agriculture and Cooperatives,NEEDS MANAGEMENT,Chao Phraya Dam Authority
Royal Irrigation Department,DISSEMINATION,Community Leader
Local Administration,PROCEDURE,Department of Agricultural Extension
Royal Irrigation Department,PROCEDURE,Department of Agricultural Extension
Honda Automobile (Thailand),CAPABILITY,Disaster Prevention and Mitigation Department
Ministry of Natural Resources and Environment,CENTER,Disaster Prevention and Mitigation Department
Office of the Prime Minister,CENTER,Disaster Prevention and Mitigation Department
Office of the Prime Minister,SURVEY,Disaster Prevention and Mitigation Department
Provincial Administration,SURVEY,Disaster Prevention and Mitigation Department
Royal Irrigation Department,EASE,Disaster Prevention and Mitigation Department
Royal Irrigation Department,SUPPLIES,Disaster Prevention and Mitigation Department
Royal Irrigation Department,PROCEDURE,Disaster Prevention and Mitigation Department
Disaster Prevention and Mitigation Department,SURVEY,Disaster Prevention and Mitigation Department
Ministry of Defence,NEEDS MANAGEMENT,Disaster Prevention and Mitigation Department
Ministry of Defence,NEEDS MANAGEMENT,Disaster Prevention and Mitigation Department
Royal Irrigation Department,PROCEDURE,Farmer
Unidentified,ASSESSMENT,Federation of Thai Industry
Unidentified,ASSESSMENT,Federation of Thai Industry
Disaster Prevention and Mitigation Department,DISSEMINATION,Hydro and Agro Informatics Institute
Ministry of Industry,ASSET,Industrial Estate Authority
Ministry of Industry,ASSET,Industrial Estate Authority
Meteorological Department,ASSESSMENT,Kasetsart University
Royal Irrigation Department,ASSESSMENT,Kasetsart University
Disaster Prevention and Mitigation Department,PREDICT,Local Administration
Disaster Prevention and Mitigation Department,NEEDS MANAGEMENT,Local Administration
Disaster Prevention and Mitigation Department,RESCUE,Local Administration
Disaster Prevention and Mitigation Department,NEEDS MANAGEMENT,Local Administration
Disaster Prevention and Mitigation Department,EASE,Local Administration
Disaster Prevention and Mitigation Department,NEEDS MANAGEMENT,Local Administration
Ministry of Defense,URGE,Local Administration
Ministry of Defense,NEEDS MANAGEMENT,Local Administration
Ministry of Interior,SURVEY,Local Administration
Ministry of Interior,SHELTER MANAGEMENT,Local Administration
Ministry of Interior,MEDICAL,Local Administration
Ministry of Interior,SANITATION,Local Administration
Ministry of Interior,PREDICT,Local Administration
Ministry of Interior,NEEDS MANAGEMENT,Local Administration
Office of the Prime Minister,PROCEDURES,Local Administration
Provincial Administration,NEEDS MANAGEMENT,Local Administration
Provincial Administration,PREDICT,Local Administration
Provincial Administration,PREDICT,Local Administration
Provincial Administration,ASSET,Local Administration
Provincial Administration,ASSET,Local Administration
Provincial Administration,EVACUATION,Local Administration
Provincial Administration,NEEDS MANAGEMENT,Local Administration
Provincial Administration,CAPABILITY,Local Administration
Provincial Administration,EASE,Local Administration
Provincial Administration,SUPPLIES,Local Administration
Provincial Administration,NEEDS MANAGEMENT,Local Administration
Provincial Administration,DISSEMINATION,Local Administration
Provincial Administration,DISSEMINATION,Local Administration
Royal Irrigation Department,EASE,Local Administration
Royal Irrigation Department,EASE,Local Administration
Department of Disaster Prevention and Mitigation,CAPABILITY,Local Authorities
Disaster Prevention and Mitigation Department,NEEDS MANAGEMENT,Local Authorities
Disaster Prevention and Mitigation Department,SUPPLIES,Local Authorities
Emergency Medical Institute of Thailand,SURVEY,Local Authorities
Unidentified,ASSESSMENT,Local Authorities
Department of Disease Control,ASSESSMENT,Local Hospital
Ministry of Public Health,MEDICAL,Local Hospitals
Ministry of Public Health,MEDICAL,Local Hospitals
Ministry of Public Health,NEEDS MANAGEMENT,Local Hospitals
Ministry of Public Health,NEEDS MANAGEMENT,Local Hospitals
Provincial Administration,DISSEMINATION,Local Leader
Provincial Administration,DISSEMINATION,Local Leader
Provincial Administration,DISSEMINATION,Local Leader
Provincial Administration,DISSEMINATION,Local Leader
Provincial Administration,DISSEMINATION,Local Leader
Royal Irrigation Department,DISSEMINATION,Local Leader
Disaster Prevention and Mitigation Department,NEEDS MANAGEMENT,Local Military
Disaster Prevention and Mitigation Department,SAFE,Local Military
Disaster Prevention and Mitigation Department,EASE,Local Military
Disaster Prevention and Mitigation Department,NEEDS MANAGEMENT,Local Military
Provincial Police,SURVEY,Local Police
Provincial Police,ASSET,Local Police
Royal Thai Police,NEEDS MANAGEMENT,Local Police
Royal Thai Police,SAFE,Local Police
Royal Thai Police,SAFE,Local Police
Royal Thai Police,PREDICT,Local Police
Disaster Prevention and Mitigation Department,NEEDS MANAGEMENT,Meteorological Department
Royal Irrigation Department,ASSESSMENT,Meteorological Department
Royal Irrigation Department,PREDICT,Meteorological Department
Local Administration,EASE,Ministry of Agriculture and Cooperative
Royal Irrigation Department,EASE,Ministry of Agriculture and Cooperative
Office of the Prime Minister,SURVEY,Ministry of Agriculture and Cooperatives
Disaster Prevention and Mitigation Department,NEEDS MANAGEMENT,Ministry of Defense
Office of the Prime Minister,SUPPLIES,Ministry of Defense
Office of the Prime Minister,NEEDS MANAGEMENT,Ministry of Defense
Office of the Prime Minister,NEEDS MANAGEMENT,Ministry of Defense
Office of the Prime Minister,NEEDS MANAGEMENT,Ministry of Defense
Office of the Prime Minister,NEEDS MANAGEMENT,Ministry of Defense
Office of the Prime Minister,NEEDS MANAGEMENT,Ministry of Defense
Office of the Prime Minister,NEEDS MANAGEMENT,Ministry of Defense
Temple,ASSET,Ministry of Defense
Disaster Prevention and Mitigation Department,NEEDS MANAGEMENT,Ministry of Defense
Disaster Prevention and Mitigation Department,EASE,Ministry of Defense
Disaster Prevention and Mitigation Department,SUPPLIES,Ministry of Defense
Disaster Prevention and Mitigation Department,NEEDS MANAGEMENT,Ministry of Defense
Disaster Prevention and Mitigation Department,RESCUE,Ministry of Defense
Disaster Prevention and Mitigation Department,RESCUE,Ministry of Defense
Disaster Prevention and Mitigation Department,NEEDS MANAGEMENT,Ministry of Defense
Disaster Prevention and Mitigation Department,EASE,Ministry of Defense
Disaster Prevention and Mitigation Department,NEEDS MANAGEMENT,Ministry of Defense
Disaster Prevention and Mitigation Department,EASE,Ministry of Defense
Disaster Prevention and Mitigation Department,NEEDS MANAGEMENT,Ministry of Defense
Disaster Prevention and Mitigation Department,NEEDS MANAGEMENT,Ministry of Defense
Disaster Prevention and Mitigation Department,NEEDS MANAGEMENT,Ministry of Defense
Disaster Prevention and Mitigation Department,NEEDS MANAGEMENT,Ministry of Defense
Disaster Prevention and Mitigation Department,SUPPLIES,Ministry of Defense
Industrial Estate Authority,ASSET,Ministry of Defense
Local Administration,NEEDS MANAGEMENT,Ministry of Defense
Local Administration,EVACUATION,Ministry of Defense
Local Authorities,NEEDS MANAGEMENT,Ministry of Defense
Local Authorities,SUPPLIES,Ministry of Defense
Ministry of Interior,URGE,Ministry of Defense
Office of the Prime Minister,EASE,Ministry of Defense
Office of the Prime Minister,NEEDS MANAGEMENT,Ministry of Defense
Office of the Prime Minister,EASE,Ministry of Defense
Provincial Administration,CENTER,Ministry of Defense
Disaster Prevention and Mitigation Department,DISSEMINATION,Ministry of Defense
Disaster Prevention and Mitigation Department,SURVEY,Ministry of Finance
Disaster Prevention and Mitigation Department,PROCEDURE,Ministry of Finance
Disaster Prevention and Mitigation Office,SURVEY,Ministry of Finance
Ministry of Agriculture and Cooperatives,NEEDS MANAGEMENT,Ministry of Finance
Local Administration,PROCEDURES,Ministry of Interior
Ministry of Defence,SUPPLIES,Ministry of Interior
Ministry of Defense,NEEDS MANAGEMENT,Ministry of Interior
Office of the Prime Minister,URGE,Ministry of Interior
Office of the Prime Minister,URGE,Ministry of Interior
Office of the Prime Minister,CENTER,Ministry of Interior
Office of the Prime Minister,NEEDS MANAGEMENT,Ministry of Interior
Office of the Prime Minister,PROCEDURES,Ministry of Interior
Office of the Prime Minister,NEEDS MANAGEMENT,Ministry of Interior
Office of the Prime Minister,PROCEDURES,Ministry of Interior
Office of the Prime Minister,PROCEDURES,Ministry of Interior
Office of the Prime Minister,RESTORATION,Ministry of Interior
Office of the Prime Minister,SURVEY,Ministry of Interior
Office of the Prime Minister,SHELTER MANAGEMENT,Ministry of Interior
Office of the Prime Minister,MEDICAL,Ministry of Interior
Office of the Prime Minister,SANITATION,Ministry of Interior
Office of the Prime Minister,SURVEY,Ministry of Interior
Office of the Prime Minister,SUPPLIES,Ministry of Interior
Office of the Prime Minister,SURVEY,Ministry of Interior
Office of the Prime Minister,NEEDS MANAGEMENT,Ministry of Interior
Office of the Prime Minister,RESTORATION,Ministry of Science and Technology
Political Party,PROCEDURES,Ministry of Science and Technology
Disaster Prevention and Mitigation Department,DISSEMINATION,National Disaster Warning Center
His Majesty the King,NEEDS MANAGEMENT,Office of the Prime Minister
His Majesty the King,RESCUE,Office of the Prime Minister
Provincial Administration,ASSESSMENT,Office of the Prime Minister
Foresight Center for Agriculture,ASSESSMENT,Princess Chulabhorn Satellite Receiving Station
Disaster Prevention and Mitigation Department,DISSEMINATION,Provincial Administration
Disaster Prevention and Mitigation Department,SUPPLIES,Provincial Administration
Disaster Prevention and Mitigation Department,PREDICT,Provincial Administration
Disaster Prevention and Mitigation Department,NEEDS MANAGEMENT,Provincial Administration
Disaster Prevention and Mitigation Department,EASE,Provincial Administration
Disaster Prevention and Mitigation Department,SUPPLIES,Provincial Administration
Disaster Prevention and Mitigation Department,PROCEDURE,Provincial Administration
Disaster Prevention and Mitigation Department,NEEDS MANAGEMENT,Provincial Administration
Disaster Prevention and Mitigation Department,NEEDS MANAGEMENT,Provincial Administration
Disaster Prevention and Mitigation Department,EASE,Provincial Administration
Disaster Prevention and Mitigation Department,EASE,Provincial Administration
Disaster Prevention and Mitigation Department,RESCUE,Provincial Administration
Disaster Prevention and Mitigation Department,NEEDS MANAGEMENT,Provincial Administration
Disaster Prevention and Mitigation Department,EASE,Provincial Administration
Disaster Prevention and Mitigation Department,NEEDS MANAGEMENT,Provincial Administration
Disaster Prevention and Mitigation Department,EASE,Provincial Administration
Disaster Prevention and Mitigation Department,NEEDS MANAGEMENT,Provincial Administration
Disaster Prevention and Mitigation Department,SAFE,Provincial Administration
Disaster Prevention and Mitigation Department,EASE,Provincial Administration
Disaster Prevention and Mitigation Department,SURVEY,Provincial Administration
Disaster Prevention and Mitigation Department,EASE,Provincial Administration
Disaster Prevention and Mitigation Department,NEEDS MANAGEMENT,Provincial Administration
Local Administration,NEEDS MANAGEMENT,Provincial Administration
Ministry of Interior,URGE,Provincial Administration
Ministry of Interior,NEEDS MANAGEMENT,Provincial Administration
Ministry of Interior,NEEDS MANAGEMENT,Provincial Administration
Ministry of Interior,NEEDS MANAGEMENT,Provincial Administration
Ministry of Interior,NEEDS MANAGEMENT,Provincial Administration
Ministry of Interior,PREDICT,Provincial Administration
Ministry of Interior,NEEDS MANAGEMENT,Provincial Administration
Ministry of Natural Resources and Environment,ASSET,Provincial Administration
Ministry of Natural Resources and Environment,CAPABILITY,Provincial Administration
Ministry of Natural Resources and Environment,NEEDS MANAGEMENT,Provincial Administration
Ministry of Natural Resources and Environment,ASSESSMENT,Provincial Administration
Ministry of Natural Resources and Environment,SAFE,Provincial Administration
Ministry of Science and Technology,RESTORATION,Provincial Administration
Office of the Prime Minister,CENTER,Provincial Administration
Office of the Prime Minister,PREDICT,Provincial Administration
Office of the Prime Minister,SHELTER,Provincial Administration
Office of the Prime Minister,PREDICT,Provincial Administration
Office of the Prime Minister,SURVEY,Provincial Administration
Office of the Prime Minister,NEEDS MANAGEMENT,Provincial Administration
Office of the Prime Minister,PROCEDURES,Provincial Administration
Office of the Prime Minister,SURVEY,Provincial Administration
Office of the Prime Minister,PREDICT,Provincial Administration
Office of the Prime Minister,CENTER,Provincial Administration
Office of the Prime Minister,SURVEY,Provincial Administration
Office of the Prime Minister,SURVEY,Provincial Administration
Office of the Prime Minister,SURVEY,Provincial Administration
Office of the Prime Minister,NEEDS MANAGEMENT,Provincial Administration
Office of the Prime Minister,NEEDS MANAGEMENT,Provincial Administration
Public Relations Department,PROCEDURE,Provincial Administration
Royal Irrigation Department,PROCEDURE,Provincial Administration
Royal Irrigation Department,EASE,Provincial Administration
Royal Irrigation Department,SUPPLIES,Provincial Administration
Royal Irrigation Department,PROCEDURE,Provincial Administration
Royal Irrigation Department,ASSET,Provincial Administration
Royal Irrigation Department,EVACUATION,Provincial Administration
Royal Thai Navy,EASE,Provincial Administration
Royal Thai Navy,SUPPLIES,Provincial Administration
Royal Thai Navy,PROCEDURE,Provincial Administration
Water and Floods Management Committee,PROCEDURES,Provincial Administration
Ministry of Public Health,MEDICAL,Pubic Health Center
His Majesty the King,SUPPLIES,Rajaprachanukroh Foundation
His Majesty the King,SUPPLIES,Rajaprachanukroh Foundation
Royal Thai Police,SUPPLIES,Rajaprachanukroh Foundation
Ministry of Culture,ASSET,Regional Office of Fine Arts
Royal Thai Police,CAPABILITY,Provincial Police
Local Administration,ASSET,Residents
Provincial Administration,EASE,River Basin Committee
Local Administration,PROCEDURE,Royal Irrigation Department
Local Administration,PROCEDURE,Royal Irrigation Department
Ministry of Agriculture and Cooperatives,EASE,Royal Irrigation Department
Ministry of Agriculture and Cooperatives,EASE,Royal Irrigation Department
Ministry of Agriculture and Cooperatives,SURVEY,Royal Irrigation Department
Ministry of Agriculture and Cooperatives,NEEDS MANAGEMENT,Royal Irrigation Department
Ministry of Interior,PROCEDURE,Royal Irrigation Department
Office of the Prime Minister,EASE,Royal Irrigation Department
Office of the Prime Minister,EASE,Royal Irrigation Department
Office of the Prime Minister,PROCEDURE,Royal Irrigation Department
Office of the Prime Minister,PROCEDURE,Royal Irrigation Department
Office of the Prime Minister,ASSESSMENT,Royal Irrigation Department
Office of the Prime Minister,ASSESSMENT,Royal Irrigation Department
Provincial Administration,EASE,Royal Irrigation Department
Provincial Administration,DISSEMINATION,Royal Irrigation Department
Provincial Administration,ASSET,Royal Irrigation Department
Provincial Administration,ASSET,Royal Irrigation Department
Provincial Administration,ASSET,Royal Irrigation Department
Provincial Administration,ASSET,Royal Irrigation Department
Provincial Administration,EASE,Royal Irrigation Department
Provincial Administration,EASE,Royal Irrigation Department
Provincial Administration,EASE,Royal Irrigation Department
Ministry of Agriculture and Cooperatives,NEEDS MANAGEMENT,Royal Irrigation Department
Royal Irrigation Department,EVACUATION,Royal Irrigation Department
Royal Irrigation Department,NEEDS MANAGEMENT,Royal Irrigation Department
Disaster Prevention and Mitigation Department,EASE,Royal Thai Navy
Disaster Prevention and Mitigation Department,SUPPLIES,Royal Thai Navy
Disaster Prevention and Mitigation Department,PROCEDURE,Royal Thai Navy
Disaster Prevention and Mitigation Department,EASE,Royal Thai Navy
Disaster Prevention and Mitigation Department,ASSESSMENT,Royal Thai Navy
Provincial Administration,EASE,Royal Thai Navy
Royal Irrigation Department,EASE,Royal Thai Navy
Royal Irrigation Department,SUPPLIES,Royal Thai Navy
Royal Irrigation Department,PROCEDURE,Royal Thai Navy
Royal Irrigation Department,EASE,Royal Thai Navy
Royal Irrigation Department,EASE,Royal Thai Navy
Royal Irrigation Department,EASE,Royal Thai Navy
Royal Irrigation Department,EASE,Royal Thai Navy
Royal Irrigation Department,EASE,Royal Thai Navy
Royal Irrigation Department,EASE,Royal Thai Navy
Royal Irrigation Department,EASE,Royal Thai Navy
Local Administration,NEEDS MANAGEMENT,Royal Thai Police
Ministry of Defense,RESCUE,Royal Thai Police
Her Majesty Queen Sirikit,SUPPLIES,Thai Red Cross Society
Her Majesty Queen Sirikit,SUPPLIES,Thai Red Cross Society
Ministry of Defense,URGE,Third Army Region
Ministry of Tourism and Sports,ASSESSMENT,Tourism Department
Ministry of Tourism and Sports,SURVEY,Tourism Department
Armed Forces Headquarters,NEEDS MANAGEMENT,Unidentified
Department of Disease Control,ASSESSMENT,Unidentified
Disaster Prevention and Mitigation Department,NEEDS MANAGEMENT,Unidentified
Disaster Prevention and Mitigation Department,NEEDS MANAGEMENT,Unidentified
Disaster Prevention and Mitigation Department,ASSET,Unidentified
Disaster Prevention and Mitigation Department,NEEDS MANAGEMENT,Unidentified
Disaster Prevention and Mitigation Department,EASE,Unidentified
Disaster Prevention and Mitigation Department,SUPPLIES,Unidentified
Disaster Prevention and Mitigation Department,NEEDS MANAGEMENT,Unidentified
Disaster Prevention and Mitigation Department,RESCUE,Unidentified
Disaster Prevention and Mitigation Department,RESCUE,Unidentified
Disaster Prevention and Mitigation Department,NEEDS MANAGEMENT,Unidentified
Disaster Prevention and Mitigation Department,EASE,Unidentified
Disaster Prevention and Mitigation Department,NEEDS MANAGEMENT,Unidentified
Disaster Prevention and Mitigation Department,SURVEY,Unidentified
Disaster Prevention and Mitigation Department,NEEDS MANAGEMENT,Unidentified
Disaster Prevention and Mitigation Department,PREDICT,Unidentified
Disaster Prevention and Mitigation Department,CAPABILITY,Unidentified
Disaster Prevention and Mitigation Department,NEEDS MANAGEMENT,Unidentified
Disaster Prevention and Mitigation Department,NEEDS MANAGEMENT,Unidentified
Disaster Prevention and Mitigation Department,EASE,Unidentified
Disaster Prevention and Mitigation Department,NEEDS MANAGEMENT,Unidentified
Disaster Prevention and Mitigation Department,PREDICT,Unidentified
Disaster Prevention and Mitigation Department,NEEDS MANAGEMENT,Unidentified
Disaster Prevention and Mitigation Department,PREDICT,Unidentified
Disaster Prevention and Mitigation Department,NEEDS MANAGEMENT,Unidentified
Disaster Prevention and Mitigation Department,NEEDS MANAGEMENT,Unidentified
Disaster Prevention and Mitigation Department,SURVEY,Unidentified
Disaster Prevention and Mitigation Department,NEEDS MANAGEMENT,Unidentified
Disaster Prevention and Mitigation Department,SURVEY,Unidentified
Disaster Prevention and Mitigation Department,NEEDS MANAGEMENT,Unidentified
Disaster Prevention and Mitigation Department,NEEDS MANAGEMENT,Unidentified
Disaster Prevention and Mitigation Department,EASE,Unidentified
Hi-Tech Industrial Estate,DISSEMINATION,Unidentified
Kasetsart University,PROCEDURES,Unidentified
Ministry of Agriculture and Cooperatives,EASE,Unidentified
Ministry of Agriculture and Cooperatives,PROCEDURE,Unidentified
Ministry of Agriculture and Cooperatives,NEEDS MANAGEMENT,Unidentified
Ministry of Defence,NEEDS MANAGEMENT,Unidentified
Ministry of Defense,EVACUATION,Unidentified
Ministry of Defense,ASSET,Unidentified
Ministry of Defense,ASSET,Unidentified
Ministry of Defense,ASSET,Unidentified
Ministry of Interior,SURVEY,Unidentified
Ministry of Interior,SUPPLIES,Unidentified
Office of the Prime Minister,PREDICT,Unidentified
Office of the Prime Minister,NEEDS MANAGEMENT,Unidentified
Office of the Prime Minister,EVACUATION,Unidentified
Office of the Prime Minister,NEEDS MANAGEMENT,Unidentified
Office of the Prime Minister,NEEDS MANAGEMENT,Unidentified
Office of the Prime Minister,SURVEY,Unidentified
Office of the Prime Minister,PREDICT,Unidentified
Office of the Prime Minister,NEEDS MANAGEMENT,Unidentified
Office of the Prime Minister,PREDICT,Unidentified
Office of the Prime Minister,SURVEY,Unidentified
Office of the Prime Minister,NEEDS MANAGEMENT,Unidentified
Office of the Prime Minister,NEEDS MANAGEMENT,Unidentified
Office of the Prime Minister,CENTER,Unidentified
Office of the Prime Minister,NEEDS MANAGEMENT,Unidentified
Office of the Prime Minister,NEEDS MANAGEMENT,Unidentified
Office of the Prime Minister,SURVEY,Unidentified
Office of the Prime Minister,SUPPLIES,Unidentified
Office of the Prime Minister,PROCEDURE,Unidentified
Office of the Prime Minister,NEEDS MANAGEMENT,Unidentified
Office of the Prime Minister,ASSESSMENT,Unidentified
Office of the Prime Minister,DISSEMINATION,Unidentified
Provincial Administration,ASSESSMENT,Unidentified
Provincial Administration,ASSESSMENT,Unidentified
Provincial Administration,PREDICT,Unidentified
Provincial Administration,LIMIT,Unidentified
Provincial Administration,SURVEY,Unidentified
Provincial Administration,CENTER,Unidentified
Royal Irrigation Department,EASE,Unidentified
Royal Irrigation Department,PREDICT,Unidentified
Royal Irrigation Department,NEEDS MANAGEMENT,Unidentified
Royal Irrigation Department,NEEDS MANAGEMENT,Unidentified
Thai Red Cross Society,MEDICAL,Unidentified
Thai Red Cross Society,ASSESSMENT,Unidentified
Third Army Region,URGE,Unidentified
Unidentified,SURVEY,Unidentified
Royal Thai Army,SUPPLIES,Utaintawai Student and Alumni
Ministry of Public Health,RESTORATION,Volunteer
Ministry of Defense,NEEDS MANAGEMENT,Water and Flood Management Committee
Ministry of Interior,NEEDS MANAGEMENT,Water and Flood Management Committee
Office of the Prime Minister,ASSESSMENT,Water Management Committee
